insert into "CMEWADMN"."WORKBENCH_PRODUCT" ("PRODUCT_CODE", "PRODUCT_NAME") VALUES (0,'CMEW');
insert into "CMEWADMN"."WORKBENCH_PRODUCT" ("PRODUCT_CODE", "PRODUCT_NAME") VALUES (1,'ENDEVOR');
insert into "CMEWADMN"."WORKBENCH_PRODUCT" ("PRODUCT_CODE", "PRODUCT_NAME") VALUES (2,'HARVEST');

insert into "CMEWADMN"."WORKBENCH_PROVIDER" ("PROVIDER_NAME", "PRODUCT_CODE", "DATETIME_UPDATED") VALUES ('hardev1',2,'20 June 2007');
insert into "CMEWADMN"."WORKBENCH_PROVIDER" ("PROVIDER_NAME", "PRODUCT_CODE", "DATETIME_UPDATED") VALUES ('HARDEV1',2,'20 June 2007');
insert into "CMEWADMN"."WORKBENCH_PROVIDER" ("PROVIDER_NAME", "PRODUCT_CODE", "DATETIME_UPDATED") VALUES ('endevor',1,'20 June 2007');
insert into "CMEWADMN"."WORKBENCH_PROVIDER" ("PROVIDER_NAME", "PRODUCT_CODE", "DATETIME_UPDATED") VALUES ('MAPROUTA',1,'20 June 2007');
insert into "CMEWADMN"."WORKBENCH_PROVIDER" ("PROVIDER_NAME", "PRODUCT_CODE", "DATETIME_UPDATED") VALUES ('MAPROUTE',1,'20 June 2007');

insert into "CMEWADMN"."ECCM_USER" ("ECCMUSERID", "USERID", "ECCM_CONFIGURATIONID", "DATETIME_UPDATED") VALUES (5001, 101, 1001, '20 June 2007');
insert into "CMEWADMN"."ECCM_USER" ("ECCMUSERID", "USERID", "ECCM_CONFIGURATIONID", "DATETIME_UPDATED") VALUES (5002, 102, 1002, '20 June 2007');
insert into "CMEWADMN"."ECCM_USER" ("ECCMUSERID", "USERID", "ECCM_CONFIGURATIONID", "DATETIME_UPDATED") VALUES (5003, 103, 1003, '20 June 2007');
insert into "CMEWADMN"."ECCM_USER" ("ECCMUSERID", "USERID", "ECCM_CONFIGURATIONID", "DATETIME_UPDATED") VALUES (5004, 104, 1003, '20 June 2007');
insert into "CMEWADMN"."ECCM_USER" ("ECCMUSERID", "USERID", "ECCM_CONFIGURATIONID", "DATETIME_UPDATED") VALUES (5005, 105, 1004, '20 June 2007');
insert into "CMEWADMN"."ECCM_USER" ("ECCMUSERID", "USERID", "ECCM_CONFIGURATIONID", "DATETIME_UPDATED") VALUES (5006, 106, 1005, '20 June 2007');
insert into "CMEWADMN"."ECCM_USER" ("ECCMUSERID", "USERID", "ECCM_CONFIGURATIONID", "DATETIME_UPDATED") VALUES (5007, 107, 1002, '20 June 2007');
insert into "CMEWADMN"."ECCM_USER" ("ECCMUSERID", "USERID", "ECCM_CONFIGURATIONID", "DATETIME_UPDATED") VALUES (5008, 108, 1002, '20 June 2007');

insert into "CMEWADMN"."ECCM_CONFIGURATION" ("ECCM_CONFIGURATIONID", "PROVIDER_NAME", "PRODUCT_CODE", "PROVIDER_NUMBER", "DATETIME_UPDATED") VALUES (1002, 'HARDEV1', 2, 1, '20 June 2007');
insert into "CMEWADMN"."ECCM_CONFIGURATION" ("ECCM_CONFIGURATIONID", "PROVIDER_NAME", "PRODUCT_CODE", "PROVIDER_NUMBER", "DATETIME_UPDATED") VALUES (1004, 'MAPROUTA', 1, 1, '20 June 2007');
insert into "CMEWADMN"."ECCM_CONFIGURATION" ("ECCM_CONFIGURATIONID", "PROVIDER_NAME", "PRODUCT_CODE", "PROVIDER_NUMBER", "DATETIME_UPDATED") VALUES (1005, 'MAPROUTE', 1, 1, '20 June 2007');
insert into "CMEWADMN"."ECCM_CONFIGURATION" ("ECCM_CONFIGURATIONID", "PROVIDER_NAME", "PRODUCT_CODE", "PROVIDER_NUMBER", "DATETIME_UPDATED") VALUES (1003, 'endevor', 1, 1, '20 June 2007');
insert into "CMEWADMN"."ECCM_CONFIGURATION" ("ECCM_CONFIGURATIONID", "PROVIDER_NAME", "PRODUCT_CODE", "PROVIDER_NUMBER", "DATETIME_UPDATED") VALUES (1001, 'hardev1', 2, 1, '20 June 2007');
 
insert into "CMEWADMN"."PROVIDER_USER" ("USERID", "PROVIDER_NAME", "PRODUCT_CODE", "USERNAME", "PASSWORD", "DATETIME_UPDATED", "PROVIDER_NUMBER") VALUES (101, 'hardev1', 2, 'harvest','','20 June 2007',1);
insert into "CMEWADMN"."PROVIDER_USER" ("USERID", "PROVIDER_NAME", "PRODUCT_CODE", "USERNAME", "PASSWORD", "DATETIME_UPDATED", "PROVIDER_NUMBER") VALUES (102, 'HARDEV1', 2, 'harvest','','20 June 2007',1 );
insert into "CMEWADMN"."PROVIDER_USER" ("USERID", "PROVIDER_NAME", "PRODUCT_CODE", "USERNAME", "PASSWORD", "DATETIME_UPDATED", "PROVIDER_NUMBER") VALUES (103, 'endevor', 1, 'Y268858','', '20 June 2007', 1 );
insert into "CMEWADMN"."PROVIDER_USER" ("USERID", "PROVIDER_NAME", "PRODUCT_CODE", "USERNAME", "PASSWORD", "DATETIME_UPDATED", "PROVIDER_NUMBER") VALUES (104, 'endevor', 1, 'Y275883','', '20 June 2007', 1 );
insert into "CMEWADMN"."PROVIDER_USER" ("USERID", "PROVIDER_NAME", "PRODUCT_CODE", "USERNAME", "PASSWORD", "DATETIME_UPDATED", "PROVIDER_NUMBER") VALUES (105, 'MAPROUTA', 1, 'Y275883','', '20 June 2007', 1 );
insert into "CMEWADMN"."PROVIDER_USER" ("USERID", "PROVIDER_NAME", "PRODUCT_CODE", "USERNAME", "PASSWORD", "DATETIME_UPDATED", "PROVIDER_NUMBER") VALUES (106, 'MAPROUTE', 1, 'Y275883','', '20 June 2007', 1 );
insert into "CMEWADMN"."PROVIDER_USER" ("USERID", "PROVIDER_NAME", "PRODUCT_CODE", "USERNAME", "PASSWORD", "DATETIME_UPDATED", "PROVIDER_NUMBER") VALUES (107, 'HARDEV1', 2, 'AndrewsMic','', '20 June 2007', 1 );
insert into "CMEWADMN"."PROVIDER_USER" ("USERID", "PROVIDER_NAME", "PRODUCT_CODE", "USERNAME", "PASSWORD", "DATETIME_UPDATED", "PROVIDER_NUMBER") VALUES (108, 'HARDEV1', 2, 'Student_01','', '20 June 2007', 1 );

insert into "CMEWADMN"."USER_PREFERENCES" ("PREFERENCE_USERID", "PREFERENCE_TYPE", "PRODUCT_CODE", "PREFERENCE_VALUE", "DATETIME_UPDATED") VALUES (103, 0, 1, 'DEV:ADMIN:ND700' ,'20 June 2007'); 
insert into "CMEWADMN"."USER_PREFERENCES" ("PREFERENCE_USERID", "PREFERENCE_TYPE", "PRODUCT_CODE", "PREFERENCE_VALUE", "DATETIME_UPDATED") VALUES (107, 0, 2, 74,'20 June 2007'); 
insert into "CMEWADMN"."USER_PREFERENCES" ("PREFERENCE_USERID", "PREFERENCE_TYPE", "PRODUCT_CODE", "PREFERENCE_VALUE", "DATETIME_UPDATED") VALUES (107, 1, 2, 79,'20 June 2007'); 

insert into "CMEWADMN"."COUNTER"  ("ID", "USERID", "ECCM_USERID", "ECCM_CONFIGURATIONID", "EP_ID", "EWDB_ID", "DATETIME_UPDATED") VALUES (1, 108, 5008, 1005, 1, 70, '20 June 2007');