SQL> insert into cmewadmn.workbench_provider ("PROVIDER_NAME", "PRODUCT_CODE", "DATETIME_UPDATED") VALUES ('hardev1',2,'20 June 2007');

1 row created.

SQL> commit
  2  ;

Commit complete.

SQL> insert into cmewadmn.workbench_provider ("PROVIDER_NAME", "PRODUCT_CODE", "DATETIME_UPDATED") VALUES ('HARDEV1',2,'20 June 2007');

1 row created.

SQL> insert into cmewadmn.workbench_provider ("PROVIDER_NAME", "PRODUCT_CODE", "DATETIME_UPDATED") VALUES ('endevor',1,'20 June 2007');

1 row created.

SQL> insert into cmewadmn.workbench_provider ("PROVIDER_NAME", "PRODUCT_CODE", "DATETIME_UPDATED") VALUES ('MAPROUTA',1,'20 June 2007');

1 row created.

SQL> insert into cmewadmn.workbench_provider ("PROVIDER_NAME", "PRODUCT_CODE", "DATETIME_UPDATED") VALUES ('MAPROUTE',1,'20 June 2007');

1 row created.

SQL> commit;

Commit complete.

SQL> insert into cmewadmn.workbench_proDUCT ("PRODUCT_CODE", "PRODUCT_NAME") VALUES (0,'CMEW');

1 row created.

SQL> insert into cmewadmn.workbench_proDUCT ("PRODUCT_CODE", "PRODUCT_NAME") VALUES (1,'ENDEVOR');

1 row created.

SQL> insert into cmewadmn.workbench_proDUCT ("PRODUCT_CODE", "PRODUCT_NAME") VALUES (2,'HARVEST');

1 row created.

SQL> commit;

Commit complete.

insert into cmewadmn.workbench_providers (hardev1,2,2006-05-19 15:08:47.0);

hardev1, 2, '20 June 2007' 
HARDEV1, 2, '20 June 2007' 
endevor, 1, '20 June 2007' 
MAPROUTA, 1, '20 June 2007' 
MAPROUTE, 1, '20 June 2007' 

-----------------------------------------------------------------------------------------------------

insert into "CMEWADMN"."ECCM_USER" ("ECCMUSERID", "USERID", "ECCM_CONFIGURATIONID", "DATETIME_UPDATED") VALUES (5001, 101, 1001, '20 June 2007');
insert into "CMEWADMN"."ECCM_USER" ("ECCMUSERID", "USERID", "ECCM_CONFIGURATIONID", "DATETIME_UPDATED") VALUES (5002, 102, 1002, '20 June 2007');
insert into "CMEWADMN"."ECCM_USER" ("ECCMUSERID", "USERID", "ECCM_CONFIGURATIONID", "DATETIME_UPDATED") VALUES (5003, 103, 1003, '20 June 2007');
insert into "CMEWADMN"."ECCM_USER" ("ECCMUSERID", "USERID", "ECCM_CONFIGURATIONID", "DATETIME_UPDATED") VALUES (5004, 104, 1003, '20 June 2007');
insert into "CMEWADMN"."ECCM_USER" ("ECCMUSERID", "USERID", "ECCM_CONFIGURATIONID", "DATETIME_UPDATED") VALUES (5005, 105, 1004, '20 June 2007');
insert into "CMEWADMN"."ECCM_USER" ("ECCMUSERID", "USERID", "ECCM_CONFIGURATIONID", "DATETIME_UPDATED") VALUES (5006, 106, 1005, '20 June 2007');
insert into "CMEWADMN"."ECCM_USER" ("ECCMUSERID", "USERID", "ECCM_CONFIGURATIONID", "DATETIME_UPDATED") VALUES (5007, 107, 1002, '20 June 2007');
insert into "CMEWADMN"."ECCM_USER" ("ECCMUSERID", "USERID", "ECCM_CONFIGURATIONID", "DATETIME_UPDATED") VALUES (5008, 108, 1002, '20 June 2007');

COMMIT;

SELECT "ECCMUSERID", "USERID", "ECCM_CONFIGURATIONID", "DATETIME_UPDATED" FROM "CMEWADMN"."ECCM_USER" ;

insert into "CMEWADMN"."ECCM_CONFIGURATION" ("ECCM_CONFIGURATIONID", "PROVIDER_NAME", "PRODUCT_CODE", "PROVIDER_NUMBER", "DATETIME_UPDATED") VALUES (1002, 'HARDEV1', 2, 1, '20 June 2007');
insert into "CMEWADMN"."ECCM_CONFIGURATION" ("ECCM_CONFIGURATIONID", "PROVIDER_NAME", "PRODUCT_CODE", "PROVIDER_NUMBER", "DATETIME_UPDATED") VALUES (1004, 'MAPROUTA', 1, 1, '20 June 2007');
insert into "CMEWADMN"."ECCM_CONFIGURATION" ("ECCM_CONFIGURATIONID", "PROVIDER_NAME", "PRODUCT_CODE", "PROVIDER_NUMBER", "DATETIME_UPDATED") VALUES (1005, 'MAPROUTE', 1, 1, '20 June 2007');
insert into "CMEWADMN"."ECCM_CONFIGURATION" ("ECCM_CONFIGURATIONID", "PROVIDER_NAME", "PRODUCT_CODE", "PROVIDER_NUMBER", "DATETIME_UPDATED") VALUES (1003, 'endevor', 1, 1, '20 June 2007');
insert into "CMEWADMN"."ECCM_CONFIGURATION" ("ECCM_CONFIGURATIONID", "PROVIDER_NAME", "PRODUCT_CODE", "PROVIDER_NUMBER", "DATETIME_UPDATED") VALUES (1001, 'hardev1', 2, 1, '20 June 2007');
 
COMMIT; 

SELECT "ECCM_CONFIGURATIONID", "PROVIDER_NAME", "PRODUCT_CODE", "PROVIDER_NUMBER", "DATETIME_UPDATED" FROM "CMEWADMN"."ECCM_CONFIGURATION" 


insert into "CMEWADMN"."PROVIDER_USER" ("USERID", "PROVIDER_NAME", "PRODUCT_CODE", "USERNAME", "PASSWORD", "DATETIME_UPDATED", "PROVIDER_NUMBER") VALUES (101, 'hardev1', 2, 'harvest','','20 June 2007',1);
insert into "CMEWADMN"."PROVIDER_USER" ("USERID", "PROVIDER_NAME", "PRODUCT_CODE", "USERNAME", "PASSWORD", "DATETIME_UPDATED", "PROVIDER_NUMBER") VALUES (102, 'HARDEV1', 2, 'harvest','','20 June 2007',1 );
insert into "CMEWADMN"."PROVIDER_USER" ("USERID", "PROVIDER_NAME", "PRODUCT_CODE", "USERNAME", "PASSWORD", "DATETIME_UPDATED", "PROVIDER_NUMBER") VALUES (103, 'endevor', 1, 'Y268858','', '20 June 2007', 1 );
insert into "CMEWADMN"."PROVIDER_USER" ("USERID", "PROVIDER_NAME", "PRODUCT_CODE", "USERNAME", "PASSWORD", "DATETIME_UPDATED", "PROVIDER_NUMBER") VALUES (104, 'endevor', 1, 'Y275883','', '20 June 2007', 1 );
insert into "CMEWADMN"."PROVIDER_USER" ("USERID", "PROVIDER_NAME", "PRODUCT_CODE", "USERNAME", "PASSWORD", "DATETIME_UPDATED", "PROVIDER_NUMBER") VALUES (105, 'MAPROUTA', 1, 'Y275883','', '20 June 2007', 1 );
insert into "CMEWADMN"."PROVIDER_USER" ("USERID", "PROVIDER_NAME", "PRODUCT_CODE", "USERNAME", "PASSWORD", "DATETIME_UPDATED", "PROVIDER_NUMBER") VALUES (106, 'MAPROUTE', 1, 'Y275883','', '20 June 2007', 1 );
insert into "CMEWADMN"."PROVIDER_USER" ("USERID", "PROVIDER_NAME", "PRODUCT_CODE", "USERNAME", "PASSWORD", "DATETIME_UPDATED", "PROVIDER_NUMBER") VALUES (107, 'HARDEV1', 2, 'AndrewsMic','', '20 June 2007', 1 );
insert into "CMEWADMN"."PROVIDER_USER" ("USERID", "PROVIDER_NAME", "PRODUCT_CODE", "USERNAME", "PASSWORD", "DATETIME_UPDATED", "PROVIDER_NUMBER") VALUES (108, 'HARDEV1', 2, 'Student_01','', '20 June 2007', 1 );
COMMIT;

SELECT "USERID", "PROVIDER_NAME", "PRODUCT_CODE", "USERNAME", "PASSWORD", "DATETIME_UPDATED", "PROVIDER_NUMBER" FROM "CMEWADMN"."PROVIDER_USER" ;

insert into "CMEWADMN"."SETTINGS" ("ECCMUSERID", "CONTEXT", "VALUE", "DATETIME_UPDATED") VALUES (0, 'ENDDOFDENDEVOR',"K19=Y,K6=N,K11=N,K5=N,K26=A,K27=N,K3=N,K21=Y,K28=Y,K17=Y,K20=Y,K0=N,K12=Y,K18=Y,K8=Y,K1=Y,K22=Y,K2=N,K14=F,K30=N,K15=N,K10=N,K24=Y,K16=Y,K13=Y,K25=Y,K4=N,K9=Y,K29=N,K23=Y,K7=N",'20 June 2007');
insert into "CMEWADMN"."SETTINGS" ("ECCMUSERID", "CONTEXT", "VALUE", "DATETIME_UPDATED") VALUES (5003, 'ENDDOFDENDEVOR', "K19=Y,K6=N,K11=N,K5=N,K26=A,K27=N,K3=N,K21=Y,K28=Y,K17=Y,K20=Y,K0=N,K12=Y,K18=Y,K8=Y,K1=Y,K22=Y,K2=N,K14=F,K30=N,K15=N,K10=N,K24=Y,K16=Y,K13=Y,K25=Y,K4=N,K9=Y,K29=N,K23=Y,K7=N", '20 June 2007');
insert into "CMEWADMN"."SETTINGS" ("ECCMUSERID", "CONTEXT", "VALUE", "DATETIME_UPDATED") VALUES (5003, 'CHOME','', '20 June 2007' );
insert into "CMEWADMN"."SETTINGS" ("ECCMUSERID", "CONTEXT", "VALUE", "DATETIME_UPDATED") VALUES (5003, 'NELMSEARCH', "searchTab_wProGro=(),searchTab_wCcid=(),searchTab_sub=(ND700;*),searchTab_elm=(*),searchTab_env=(DEV),searchTab_elmThru=(),searchTab_type=(*;CBL;CB*),searchTab_sys=(ADMIN;ADM;FINAN),searchTab_stg=(D)", '20 June 2007');


insert into "CMEWADMN"."SETTINGS" ("ECCMUSERID", "CONTEXT", "VALUE", "DATETIME_UPDATED") VALUES (5004, 'ENDDOFDENDEVOR', "K19=Y,K6=N,K11=N,K5=N,K26=A,K27=N,K3=N,K21=Y,K17=Y,K28=Y,K20=Y,K0=N,K12=Y,K8=Y,K18=Y,K1=Y,K2=N,K22=Y,K14=F,K30=N,K15=N,K10=N,K24=Y,K16=Y,K13=Y,K25=Y,K4=N,K9=Y,K29=N,K23=Y,K7=N", '20 June 2007');
insert into "CMEWADMN"."SETTINGS" ("ECCMUSERID", "CONTEXT", "VALUE", "DATETIME_UPDATED") VALUES (5004, 'CHOME','', '20 June 2007');
insert into "CMEWADMN"."SETTINGS" ("ECCMUSERID", "CONTEXT", "VALUE", "DATETIME_UPDATED") VALUES (5004, 'NELMSEARCH', "searchTab_wProGro=(),searchTab_wCcid=(;IATOOLS),searchTab_sub=(;ND700),searchTab_elm=(AAF*;aaf*;aaf0001c),searchTab_env=(VND;ADM),searchTab_elmThru=(),searchTab_type=(;CP#;ISR),searchTab_sys=(VISIO;ADMIN),searchTab_stg=(;N)",'20 June 2007');
insert into "CMEWADMN"."SETTINGS" ("ECCMUSERID", "CONTEXT", "VALUE", "DATETIME_UPDATED") VALUES (5004, 'NPKGCREATE', "creapac_beginDay=(20),creapac_beginYear=(2006),creapac_endYear=(2079),creapac_endHour=(00),creapac_endMon=(12),creapac_comment=(MOVE DEMO ELEMENT ),creapac_beginMon=(9),creapac_DST=(1),creapac_beginHour=(00),creapac_endMin=(00),creapac_endDay=(31),creapac_epkgId=(NOADMINDEMOPKG),creapac_beginMin=(00)", '20 June 2007');
insert into "CMEWADMN"."SETTINGS" ("ECCMUSERID", "CONTEXT", "VALUE", "DATETIME_UPDATED") VALUES (5004, 'NSCLSEARCH', "sSCLTab_elmThru=(),sSCLTab_wCcid=( ),sSCLTab_wProGro=(),sSCLTab_elm=(),sSCLTab_stg=(N),sSCLTab_sys=(ADMIN),sSCLTab_env=(ADM),sSCLTab_type=(DOC),sSCLTab_sub=(ND700)", '20 June 2007');
insert into "CMEWADMN"."SETTINGS" ("ECCMUSERID", "CONTEXT", "VALUE", "DATETIME_UPDATED") VALUES (5004, 'NSCLCHOICEV1', "nSCLAc_opt_signoutToUser=(),nSCLAc_opt_ccid=(IATOOLS),nSCLAc_opt_comment=(MOVE DEMO ELEMENT)",'20 June 2007');
insert into "CMEWADMN"."SETTINGS" ("ECCMUSERID", "CONTEXT", "VALUE", "DATETIME_UPDATED") VALUES (5004, 'EPKGPROC', '','20 June 2007');
insert into "CMEWADMN"."SETTINGS" ("ECCMUSERID", "CONTEXT", "VALUE", "DATETIME_UPDATED") VALUES (5004, 'NPKGSEARCH', "pkgSearch_keyW=(*;no*)",'20 June 2007');
insert into "CMEWADMN"."SETTINGS" ("ECCMUSERID", "CONTEXT", "VALUE", "DATETIME_UPDATED") VALUES (5003, 'NELMEXEC','' ,'20 June 2007');
insert into "CMEWADMN"."SETTINGS" ("ECCMUSERID", "CONTEXT", "VALUE", "DATETIME_UPDATED") VALUES (5003, 'CEDITPROJ', "ProjSrch_theEnv=(DEV),ProjSrch_theSub=(*),ProjSrch_theSys=(ADMIN)",'20 June 2007');
insert into "CMEWADMN"."SETTINGS" ("ECCMUSERID", "CONTEXT", "VALUE", "DATETIME_UPDATED") VALUES (5003, 'ESTATESLIST', "ProjInfo_theType=(*),ProjInfo_theElm=(*)",'20 June 2007');
insert into "CMEWADMN"."SETTINGS" ("ECCMUSERID", "CONTEXT", "VALUE", "DATETIME_UPDATED") VALUES (5003, 'NELMCHOICEV1', ndvrAction_opt_toFile=(;test),ndvrAction_opt_toDsn=(),ndvrAction_opt_comment=(t),ndvrAction_opt_toName=(),ndvrAction_opt_procGrp=(),ndvrAction_opt_toDir=(C:\cmew),ndvrAction_opt_toMbr=(),ndvrAction_opt_level=(),ndvrAction_opt_toPath=(),ndvrAction_opt_version=(),ndvrAction_opt_ccid=(KHILL),ndvrAction_opt_toEncode=(),'20 June 2007');
insert into "CMEWADMN"."SETTINGS" ("ECCMUSERID", "CONTEXT", "VALUE", "DATETIME_UPDATED") VALUES (5003, 'EVIEWACTIONLOGMSGS', '','20 June 2007');
insert into "CMEWADMN"."SETTINGS" ("ECCMUSERID", "CONTEXT", "VALUE", "DATETIME_UPDATED") VALUES (5003, 'HELPER', '','20 June 2007');
insert into "CMEWADMN"."SETTINGS" ("ECCMUSERID", "CONTEXT", "VALUE", "DATETIME_UPDATED") VALUES (5003, 'NELMSEARCHV1', '','20 June 2007');
insert into "CMEWADMN"."SETTINGS" ("ECCMUSERID", "CONTEXT", "VALUE", "DATETIME_UPDATED") VALUES (5003, 'NELMDODOWNLOAD', '','20 June 2007');
insert into "CMEWADMN"."SETTINGS" ("ECCMUSERID", "CONTEXT", "VALUE", "DATETIME_UPDATED") VALUES (5003, 'NELMMGR', '','20 June 2007');
insert into "CMEWADMN"."SETTINGS" ("ECCMUSERID", "CONTEXT", "VALUE", "DATETIME_UPDATED") VALUES (5004, 'NELMSEARCHV1', '','20 June 2007');
insert into "CMEWADMN"."SETTINGS" ("ECCMUSERID", "CONTEXT", "VALUE", "DATETIME_UPDATED") VALUES (5004, 'NELMCHOICEV1', "ndvrAction_opt_toFile=(aaf0001c;ldaloads.isr),ndvrAction_opt_toDsn=(),ndvrAction_opt_comment=(retieve for ew test;retieve for test),ndvrAction_opt_toName=(),ndvrAction_opt_toDir=(C:\),ndvrAction_opt_toMbr=(),ndvrAction_opt_level=(),ndvrAction_opt_toPath=(),ndvrAction_opt_version=(),ndvrAction_opt_ccid=(VIVENDLOAD;IATOOLS),ndvrAction_opt_toEncode=()", '20 June 2007');
insert into "CMEWADMN"."SETTINGS" ("ECCMUSERID", "CONTEXT", "VALUE", "DATETIME_UPDATED") VALUES (5004, 'NELMEXEC', '','20 June 2007');
insert into "CMEWADMN"."SETTINGS" ("ECCMUSERID", "CONTEXT", "VALUE", "DATETIME_UPDATED") VALUES (0, 'ENDDOFDMAPROUTA', "K19=Y,K6=N,K11=N,K5=N,K26=A,K27=N,K3=N,K21=Y,K28=Y,K17=Y,K20=Y,K0=N,K12=Y,K8=Y,K18=Y,K1=Y,K2=N,K22=Y,K14=F,K30=N,K15=N,K10=N,K16=Y,K24=Y,K13=Y,K25=Y,K4=N,K9=Y,K29=N,K23=Y,K7=N",'20 June 2007');











SELECT "ECCMUSERID", "CONTEXT", "VALUE", "DATETIME_UPDATED" FROM "CMEWADMN"."SETTINGS" ;


insert into "CMEWADMN"."USER_PREFERENCES" ("PREFERENCE_USERID", "PREFERENCE_TYPE", "PRODUCT_CODE", "PREFERENCE_VALUE", "DATETIME_UPDATED") VALUES (103, 0, 1, 'DEV:ADMIN:ND700' ,'20 June 2007'); 
insert into "CMEWADMN"."USER_PREFERENCES" ("PREFERENCE_USERID", "PREFERENCE_TYPE", "PRODUCT_CODE", "PREFERENCE_VALUE", "DATETIME_UPDATED") VALUES (107, 0, 2, 74,'20 June 2007'); 
insert into "CMEWADMN"."USER_PREFERENCES" ("PREFERENCE_USERID", "PREFERENCE_TYPE", "PRODUCT_CODE", "PREFERENCE_VALUE", "DATETIME_UPDATED") VALUES (107, 1, 2, 79,'20 June 2007'); 
COMMIT;

SELECT "PREFERENCE_USERID", "PREFERENCE_TYPE", "PRODUCT_CODE", "PREFERENCE_VALUE", "DATETIME_UPDATED" FROM "CMEWADMN"."USER_PREFERENCES" ;

insert into "CMEWADMN"."COUNTER"  ("ID", "USERID", "ECCM_USERID", "ECCM_CONFIGURATIONID", "EP_ID", "EWDB_ID", "DATETIME_UPDATED") VALUES (1, 108, 5008, 1005, 1, 70, '20 June 2007');





SELECT "ECCMUSERID", "USERID", "ECCM_CONFIGURATIONID", "DATETIME_UPDATED" FROM "CMEWADMN"."ECCM_USER" ;

SELECT "ECCM_CONFIGURATIONID", "PROVIDER_NAME", "PRODUCT_CODE", "PROVIDER_NUMBER", "DATETIME_UPDATED" FROM "CMEWADMN"."ECCM_CONFIGURATION";

SELECT "USERID", "PROVIDER_NAME", "PRODUCT_CODE", "USERNAME", "PASSWORD", "DATETIME_UPDATED", "PROVIDER_NUMBER" FROM "CMEWADMN"."PROVIDER_USER" ;

SELECT "ECCMUSERID", "CONTEXT", "VALUE", "DATETIME_UPDATED" FROM "CMEWADMN"."SETTINGS" ;

SELECT "PREFERENCE_USERID", "PREFERENCE_TYPE", "PRODUCT_CODE", "PREFERENCE_VALUE", "DATETIME_UPDATED" FROM "CMEWADMN"."USER_PREFERENCES" ;
